Date,High,Low,Open,Close,Volume,Adj Close
2020-01-02,68.43399810791016,67.32450103759766,67.42050170898438,68.43399810791016,27278000.0,68.43399810791016
2020-01-03,68.6875,67.36599731445312,67.4000015258789,68.07599639892578,23408000.0,68.07599639892578
2020-01-06,69.91600036621094,67.55000305175781,67.58149719238281,69.8905029296875,46768000.0,69.8905029296875
2020-01-07,70.17500305175781,69.5780029296875,70.02300262451172,69.75550079345703,34330000.0,69.75550079345703
2020-01-08,70.59249877929688,69.63150024414062,69.74099731445312,70.25199890136719,35314000.0,70.25199890136719
2020-01-09,71.43399810791016,70.510498046875,71.09649658203125,70.989501953125,33200000.0,70.989501953125
2020-01-10,71.74700164794922,70.9800033569336,71.47350311279297,71.447998046875,26258000.0,71.447998046875
2020-01-13,72.0739974975586,71.26850128173828,71.76249694824219,72.00150299072266,30730000.0,72.00150299072266
2020-01-14,72.13150024414062,71.38849639892578,72.0,71.52950286865234,26076000.0,71.52950286865234
2020-01-15,72.03900146484375,71.58300018310547,71.6510009765625,71.95999908447266,21550000.0,71.95999908447266
2020-01-16,72.53500366210938,72.0,72.27249908447266,72.50800323486328,26080000.0,72.50800323486328
2020-01-17,74.02749633789062,72.82749938964844,73.12699890136719,73.97599792480469,52424000.0,73.97599792480469
2020-01-21,74.49400329589844,73.510498046875,73.94999694824219,74.11250305175781,48930000.0,74.11250305175781
2020-01-22,75.02899932861328,74.13300323486328,74.48650360107422,74.19349670410156,28458000.0,74.19349670410156
2020-01-23,74.67500305175781,74.01599884033203,74.37750244140625,74.2344970703125,26650000.0,74.2344970703125
2020-01-24,74.70999908447266,73.15899658203125,74.64099884033203,73.30850219726562,29786000.0,73.30850219726562
2020-01-27,71.8290023803711,70.9749984741211,71.5770034790039,71.58650207519531,34132000.0,71.58650207519531
2020-01-28,72.73999786376953,71.51799774169922,72.08699798583984,72.5250015258789,29724000.0,72.5250015258789
2020-01-29,73.20700073242188,72.26950073242188,72.9229965209961,72.83499908447266,21566000.0,72.83499908447266
2020-01-30,72.76249694824219,71.75,71.90499877929688,72.7125015258789,27110000.0,72.7125015258789
2020-01-31,73.4834976196289,71.35299682617188,73.39299774169922,71.63899993896484,43822000.0,71.63899993896484
2020-02-03,74.31500244140625,72.83049774169922,73.0824966430664,74.12999725341797,71636000.0,74.12999725341797
2020-02-04,73.36699676513672,71.10150146484375,72.72450256347656,72.27050018310547,95880000.0,72.27050018310547
2020-02-05,73.22899627685547,71.48400115966797,73.18049621582031,72.30249786376953,36376000.0,72.30249786376953
2020-02-06,74.0780029296875,72.52400207519531,72.5989990234375,73.79850006103516,37822000.0,73.79850006103516
2020-02-07,74.26249694824219,73.27050018310547,73.36949920654297,73.95549774169922,28360000.0,73.95549774169922
2020-02-10,75.44400024414062,73.76000213623047,73.86150360107422,75.43299865722656,38302000.0,75.43299865722656
2020-02-11,76.49400329589844,75.27249908447266,75.66349792480469,75.50299835205078,34852000.0,75.50299835205078
2020-02-12,76.01499938964844,75.43350219726562,75.79299926757812,75.93150329589844,31042000.0,75.93150329589844
2020-02-13,76.29750061035156,75.19999694824219,75.5,75.66950225830078,22914000.0,75.66950225830078
2020-02-14,76.00250244140625,75.27749633789062,75.72650146484375,75.9365005493164,23198000.0,75.9365005493164
2020-02-18,76.52799987792969,75.55049896240234,75.71700286865234,75.97200012207031,25642000.0,75.97200012207031
2020-02-19,76.53700256347656,76.04900360107422,76.36000061035156,76.24349975585938,22746000.0,76.24349975585938
2020-02-20,76.35350036621094,75.21299743652344,75.95050048828125,75.84950256347656,25962000.0,75.84950256347656
2020-02-21,75.54750061035156,73.92449951171875,75.22899627685547,74.1729965209961,42520000.0,74.1729965209961
2020-02-24,71.81900024414062,70.3395004272461,71.15249633789062,70.99299621582031,49560000.0,70.99299621582031
2020-02-25,71.84249877929688,69.02100372314453,71.55000305175781,69.31600189208984,51580000.0,69.31600189208984
2020-02-26,70.68350219726562,68.82749938964844,69.7490005493164,69.52349853515625,49776000.0,69.52349853515625
2020-02-27,68.47000122070312,65.71199798583984,67.95700073242188,65.74749755859375,62290000.0,65.74749755859375
2020-02-28,67.12249755859375,63.410499572753906,63.71549987792969,66.9625015258789,80198000.0,66.9625015258789
2020-03-02,69.37349700927734,66.26000213623047,67.56950378417969,69.31600189208984,55430000.0,69.31600189208984
2020-03-03,70.40950012207031,66.46199798583984,69.88400268554688,66.88600158691406,56602000.0,66.88600158691406
2020-03-04,69.13899993896484,66.8499984741211,67.947998046875,69.08000183105469,47598000.0,69.08000183105469
2020-03-05,67.68150329589844,65.08200073242188,67.27749633789062,65.73799896240234,54380000.0,65.73799896240234
2020-03-06,65.13749694824219,62.86050033569336,63.497501373291016,64.78700256347656,64640000.0,64.78700256347656
2020-03-09,62.63650131225586,59.902000427246094,60.24800109863281,60.78950119018555,69252000.0,60.78950119018555
2020-03-10,63.79249954223633,60.72549819946289,62.71950149536133,63.75849914550781,54872000.0,63.75849914550781
2020-03-11,62.846500396728516,59.55699920654297,62.41350173950195,60.54499816894531,54732000.0,60.54499816894531
2020-03-12,59.4375,55.423500061035156,56.13100051879883,55.57749938964844,94326000.0,55.57749938964844
2020-03-13,60.720001220703125,55.614498138427734,58.7495002746582,60.7135009765625,79400000.0,60.7135009765625
2020-03-16,57.27349853515625,53.354000091552734,54.480499267578125,53.650001525878906,96520000.0,53.650001525878906
2020-03-17,56.29999923706055,52.45500183105469,54.53200149536133,55.90299987792969,83194000.0,55.90299987792969
2020-03-18,55.2495002746582,51.849998474121094,52.99700164794922,54.55950164794922,93044000.0,54.55950164794922
2020-03-19,57.63050079345703,52.77750015258789,54.4109992980957,55.583499908447266,74064000.0,55.583499908447266
2020-03-20,56.92399978637695,53.10499954223633,56.54499816894531,53.410499572753906,82878000.0,53.410499572753906
2020-03-23,53.34550094604492,50.44350051879883,52.81850051879883,52.70650100708008,83672000.0,52.70650100708008
2020-03-24,56.666500091552734,54.32149887084961,55.19900131225586,56.5004997253418,72468000.0,56.5004997253418
2020-03-25,57.30849838256836,54.1505012512207,56.229000091552734,55.08100128173828,90324000.0,55.08100128173828
2020-03-26,58.57400131225586,54.60150146484375,55.736000061035156,58.145999908447266,76562000.0,58.145999908447266
2020-03-27,57.5525016784668,55.20000076293945,56.37350082397461,55.51300048828125,62794000.0,55.51300048828125
2020-03-30,57.54999923706055,54.92449951171875,56.63199996948242,57.31549835205078,58736000.0,57.31549835205078
2020-03-31,58.66999816894531,56.83599853515625,57.436500549316406,58.09749984741211,65228000.0,58.09749984741211
2020-04-01,56.47100067138672,54.67449951171875,56.20000076293945,55.10499954223633,51970000.0,55.10499954223633
2020-04-02,56.13850021362305,54.65650177001953,55.0,55.85150146484375,56410000.0,55.85150146484375
2020-04-03,55.93949890136719,53.75400161743164,55.73550033569336,54.6349983215332,51374000.0,54.6349983215332
2020-04-06,59.537498474121094,56.25,56.650001525878906,59.15950012207031,63320000.0,59.15950012207031
2020-04-07,61.03900146484375,58.86249923706055,60.85049819946289,59.12799835205078,61620000.0,59.12799835205078
2020-04-08,60.744998931884766,59.1974983215332,60.154998779296875,60.349998474121094,40334000.0,60.349998474121094
2020-04-09,61.0994987487793,59.62099838256836,60.909000396728516,60.32849884033203,54028000.0,60.32849884033203
2020-04-13,60.72600173950195,59.11650085449219,60.07500076293945,60.52050018310547,38702000.0,60.52050018310547
2020-04-14,63.787498474121094,61.426998138427734,61.99850082397461,63.26150131225586,63358000.0,63.26150131225586
2020-04-15,63.75550079345703,61.70000076293945,62.32550048828125,62.8650016784668,42236000.0,62.8650016784668
2020-04-16,63.667999267578125,61.90999984741211,63.356998443603516,62.871498107910156,57896000.0,62.871498107910156
2020-04-17,64.5,63.29999923706055,64.08499908447266,63.95000076293945,51050000.0,63.95000076293945
2020-04-20,63.840999603271484,62.821998596191406,63.49449920654297,63.057498931884766,35292000.0,63.057498931884766
2020-04-21,62.5,60.25,62.135501861572266,60.608001708984375,49648000.0,60.608001708984375
2020-04-22,63.99399948120117,61.86000061035156,62.05550003051758,62.920501708984375,46296000.0,62.920501708984375
2020-04-23,64.40750122070312,63.0265007019043,63.2869987487793,63.55849838256836,34202000.0,63.55849838256836
2020-04-24,63.885501861572266,62.20000076293945,62.75,63.83000183105469,37402000.0,63.83000183105469
2020-04-27,64.70500183105469,63.25299835205078,64.5999984741211,63.542999267578125,44186000.0,63.542999267578125
2020-04-28,64.23799896240234,61.51900100708008,64.16000366210938,61.62950134277344,80700000.0,61.62950134277344
2020-04-29,68.00749969482422,66.33650207519531,67.25,67.10900115966797,108358000.0,67.10900115966797
2020-04-30,67.5,66.07499694824219,66.56800079345703,67.33499908447266,55842000.0,67.33499908447266
2020-05-01,67.57150268554688,65.48300170898438,66.20449829101562,65.86599731445312,48872000.0,65.86599731445312
2020-05-04,66.22350311279297,64.80049896240234,65.40650177001953,66.1449966430664,30806000.0,66.1449966430664
2020-05-05,68.55049896240234,66.75150299072266,66.875,67.45099639892578,39666000.0,67.45099639892578
2020-05-06,68.43450164794922,67.25650024414062,67.9000015258789,67.27149963378906,31732000.0,67.27149963378906
2020-05-07,68.80000305175781,67.62699890136719,68.06549835205078,68.46399688720703,30652000.0,68.46399688720703
2020-05-08,69.83200073242188,68.60050201416016,69.09100341796875,69.21700286865234,33326000.0,69.21700286865234
2020-05-11,70.77649688720703,68.7750015258789,68.8395004272461,70.17949676513672,32718000.0,70.17949676513672
2020-05-12,70.71649932861328,68.72550201416016,70.41100311279297,68.75900268554688,33918000.0,68.75900268554688
2020-05-13,69.2665023803711,66.40049743652344,68.80799865722656,67.41649627685547,40368000.0,67.41649627685547
2020-05-14,67.86849975585938,66.16500091552734,66.6760025024414,67.84300231933594,36660000.0,67.84300231933594
2020-05-15,68.72899627685547,66.94999694824219,67.41300201416016,68.65299987792969,41544000.0,68.65299987792969
2020-05-18,69.63800048828125,67.70999908447266,68.0790023803711,69.25900268554688,47094000.0,69.25900268554688
2020-05-19,69.62449645996094,68.68800354003906,69.27400207519531,68.72000122070312,31586000.0,68.72000122070312
2020-05-20,70.60150146484375,69.37100219726562,69.45800018310547,70.45800018310547,38262000.0,70.45800018310547
2020-05-21,70.822998046875,69.71949768066406,70.54949951171875,70.3375015258789,30894000.0,70.3375015258789
2020-05-22,70.8499984741211,69.79750061035156,70.19499969482422,70.66200256347656,28544000.0,70.66200256347656
2020-05-26,72.25550079345703,70.97000122070312,72.0979995727539,71.06849670410156,44590000.0,71.06849670410156
2020-05-27,71.26750183105469,69.7300033569336,71.0,71.01399993896484,31684000.0,71.01399993896484
2020-05-28,72.2229995727539,69.9540023803711,70.0,70.91200256347656,35170000.0,70.91200256347656
2020-05-29,71.83650207519531,70.79900360107422,71.02149963378906,71.6760025024414,37044000.0,71.6760025024414
2020-06-01,72.0790023803711,71.11399841308594,71.28500366210938,71.74349975585938,25162000.0,71.74349975585938
2020-06-02,72.1500015258789,71.08049774169922,71.75,72.1155014038086,23442000.0,72.1155014038086
2020-06-03,72.45050048828125,71.58100128173828,72.13500213623047,71.9625015258789,27732000.0,71.9625015258789
2020-06-04,72.06600189208984,70.30049896240234,71.83899688720703,70.71499633789062,26982000.0,70.71499633789062
2020-06-05,72.31500244140625,70.38099670410156,70.78199768066406,72.0009994506836,42642000.0,72.0009994506836
2020-06-08,72.44999694824219,71.2239990234375,71.31400299072266,72.4020004272461,33878000.0,72.4020004272461
2020-06-09,73.38999938964844,72.11799621582031,72.26200103759766,72.60399627685547,33624000.0,72.60399627685547
2020-06-10,73.63849639892578,72.71800231933594,73.07550048828125,73.23500061035156,31762000.0,73.23500061035156
2020-06-11,72.58000183105469,69.92050170898438,72.05149841308594,70.09500122070312,47144000.0,70.09500122070312
2020-06-12,71.72550201416016,69.29000091552734,71.29299926757812,70.64600372314453,36676000.0,70.64600372314453
2020-06-15,71.25,69.36000061035156,69.47450256347656,71.03700256347656,30468000.0,71.03700256347656
2020-06-16,72.8584976196289,71.44950103759766,72.44999694824219,72.32350158691406,30648000.0,72.32350158691406
2020-06-17,73.11000061035156,71.75650024414062,72.64700317382812,72.62699890136719,30610000.0,72.62699890136719
2020-06-18,72.64849853515625,71.31199645996094,72.49250030517578,71.70600128173828,34862000.0,71.70600128173828
2020-06-19,72.2249984741211,70.94999694824219,72.0,71.23200225830078,52784000.0,71.23200225830078
2020-06-22,72.54750061035156,70.95950317382812,71.25050354003906,72.53299713134766,29442000.0,72.53299713134766
2020-06-23,73.76000213623047,72.25,72.5999984741211,73.1989974975586,37752000.0,73.1989974975586
2020-06-24,73.78949737548828,71.5,73.16400146484375,71.63500213623047,31592000.0,71.63500213623047
2020-06-25,72.11599731445312,70.97699737548828,71.56099700927734,72.05500030517578,23958000.0,72.05500030517578
2020-06-26,71.85099792480469,67.75,71.63150024414062,68.12699890136719,97640000.0,68.12699890136719
2020-06-29,69.9000015258789,67.5824966430664,68.01699829101562,69.8584976196289,45074000.0,69.8584976196289
2020-06-30,71.19999694824219,69.34649658203125,69.84400177001953,70.90249633789062,40286000.0,70.90249633789062
2020-07-01,72.42400360107422,70.70899963378906,70.95850372314453,72.0999984741211,42182000.0,72.0999984741211
2020-07-02,74.4260025024414,72.55349731445312,72.59200286865234,73.49649810791016,57218000.0,73.49649810791016
2020-07-06,75.5,73.8489990234375,74.40750122070312,74.98249816894531,44712000.0,74.98249816894531
2020-07-07,76.06600189208984,74.48500061035156,74.80650329589844,74.49600219726562,42364000.0,74.49600219726562
2020-07-08,75.55850219726562,74.61499786376953,75.04000091552734,75.18000030517578,31766000.0,75.18000030517578
2020-07-09,76.45700073242188,74.77950286865234,75.49649810791016,75.93299865722656,41836000.0,75.93299865722656
2020-07-10,77.06700134277344,75.03600311279297,75.6624984741211,76.95050048828125,35918000.0,76.95050048828125
2020-07-13,78.81800079345703,75.3280029296875,77.49700164794922,75.61150360107422,42954000.0,75.61150360107422
2020-07-14,76.13999938964844,74.29650115966797,74.6395034790039,76.04299926757812,38108000.0,76.04299926757812
2020-07-15,76.81649780273438,74.8915023803711,76.1614990234375,75.84400177001953,31026000.0,75.84400177001953
2020-07-16,75.79550170898438,74.41349792480469,75.07499694824219,75.74600219726562,26484000.0,75.74600219726562
2020-07-17,76.17150115966797,74.90499877929688,75.84549713134766,75.84249877929688,34264000.0,75.84249877929688
2020-07-20,78.45050048828125,75.13500213623047,75.75,78.19200134277344,30166000.0,78.19200134277344
2020-07-21,79.35250091552734,77.63099670410156,79.25150299072266,77.7959976196289,27486000.0,77.7959976196289
2020-07-22,78.3489990234375,77.1614990234375,77.7854995727539,78.24250030517578,24482000.0,78.24250030517578
2020-07-23,78.51750183105469,75.42949676513672,78.29650115966797,75.8375015258789,33910000.0,75.8375015258789
2020-07-24,75.77149963378906,74.37950134277344,74.95950317382812,75.4104995727539,29902000.0,75.4104995727539
2020-07-27,76.87799835205078,75.61650085449219,75.66300201416016,76.47149658203125,27124000.0,76.47149658203125
2020-07-28,76.30049896240234,75.0260009765625,76.25,75.18250274658203,30910000.0,75.18250274658203
2020-07-29,76.66649627685547,75.15049743652344,75.25,76.17549896240234,22676000.0,76.17549896240234
2020-07-30,77.04450225830078,74.75849914550781,74.89849853515625,76.91850280761719,36042000.0,76.91850280761719
2020-07-31,75.2509994506836,72.69999694824219,74.85250091552734,74.39749908447266,91468000.0,74.39749908447266
2020-08-03,74.8864974975586,73.58599853515625,74.55000305175781,74.13800048828125,45482000.0,74.13800048828125
2020-08-04,74.65550231933594,73.20149993896484,74.33550262451172,73.66500091552734,37212000.0,73.66500091552734
2020-08-05,74.5,73.56099700927734,73.84100341796875,73.95449829101562,29134000.0,73.95449829101562
2020-08-06,75.3134994506836,73.59500122070312,73.80750274658203,75.24749755859375,33306000.0,75.24749755859375
2020-08-07,76.00450134277344,74.3134994506836,75.4520034790039,74.91850280761719,27718000.0,74.91850280761719
2020-08-10,75.35749816894531,73.87449645996094,74.54000091552734,74.84100341796875,20546000.0,74.84100341796875
2020-08-11,75.52200317382812,73.90950012207031,74.69999694824219,74.0270004272461,31098000.0,74.0270004272461
2020-08-12,75.58350372314453,74.25,74.35600280761719,75.36199951171875,22512000.0,75.36199951171875
2020-08-13,76.84850311279297,75.4104995727539,75.4104995727539,75.8324966430664,22388000.0,75.8324966430664
2020-08-14,75.989501953125,74.94999694824219,75.68049621582031,75.23149871826172,21942000.0,75.23149871826172
2020-08-17,76.18900299072266,75.25,75.79850006103516,75.81199645996094,19990000.0,75.81199645996094
2020-08-18,77.86849975585938,76.08350372314453,76.30599975585938,77.78900146484375,28378000.0,77.78900146484375
2020-08-19,78.44300079345703,77.0,77.62449645996094,77.23049926757812,30472000.0,77.23049926757812
2020-08-20,79.00849914550781,76.7229995727539,76.99849700927734,78.8125,26382000.0,78.8125
2020-08-21,79.59400177001953,78.1155014038086,78.58999633789062,78.77850341796875,34838000.0,78.77850341796875
2020-08-24,80.43900299072266,78.75199890136719,79.62349700927734,79.25749969482422,25638000.0,79.25749969482422
2020-08-25,80.44400024414062,78.89399719238281,79.00499725341797,80.2925033569336,25150000.0,80.2925033569336
2020-08-26,82.6395034790039,80.04900360107422,80.31500244140625,82.20649719238281,52188000.0,82.20649719238281
2020-08-27,82.39949798583984,80.94049835205078,82.33049774169922,81.4260025024414,31350000.0,81.4260025024414
2020-08-28,82.06749725341797,81.28050231933594,81.47350311279297,81.97149658203125,22418000.0,81.97149658203125
2020-08-31,82.2249984741211,81.2665023803711,82.17849731445312,81.47650146484375,26422000.0,81.47650146484375
2020-09-01,82.96099853515625,81.47650146484375,81.60800170898438,82.75399780273438,22652000.0,82.75399780273438
2020-09-02,86.30500030517578,83.0094985961914,83.40049743652344,85.86949920654297,49522000.0,85.86949920654297
2020-09-03,85.0,80.385498046875,84.97599792480469,81.47550201416016,63726000.0,81.47550201416016
2020-09-04,81.74949645996094,76.89849853515625,80.44999694824219,79.06050109863281,55850000.0,79.06050109863281
2020-09-08,77.77749633789062,75.82499694824219,76.25,76.18000030517578,54032000.0,76.18000030517578
2020-09-09,77.93599700927734,76.25849914550781,77.44499969482422,77.36150360107422,39242000.0,77.36150360107422
2020-09-10,78.68299865722656,76.0,77.50900268554688,76.30249786376953,33024000.0,76.30249786376953
2020-09-11,76.93499755859375,74.6510009765625,76.40750122070312,75.78800201416016,30706000.0,75.78800201416016
2020-09-14,77.8499984741211,75.25550079345703,76.5824966430664,75.44149780273438,42660000.0,75.44149780273438
2020-09-15,77.54949951171875,76.1050033569336,76.39450073242188,76.75599670410156,23042000.0,76.75599670410156
2020-09-16,77.71849822998047,75.57949829101562,77.1240005493164,75.60449981689453,22128000.0,75.60449981689453
2020-09-17,74.93299865722656,73.12300109863281,74.29049682617188,74.35199737548828,40008000.0,74.35199737548828
2020-09-18,74.76000213623047,71.58100128173828,74.41500091552734,72.55449676513672,63056000.0,72.55449676513672
2020-09-21,72.00299835205078,70.13400268554688,71.58100128173828,71.50700378417969,56908000.0,71.50700378417969
2020-09-22,73.19850158691406,71.4749984741211,72.51599884033203,72.99099731445312,33950000.0,72.99099731445312
2020-09-23,72.65399932861328,70.13400268554688,72.60449981689453,70.46949768066406,37726000.0,70.46949768066406
2020-09-24,71.89949798583984,70.10749816894531,70.13400268554688,71.14299774169922,34552000.0,71.14299774169922
2020-09-25,72.2969970703125,70.38400268554688,71.25250244140625,71.9530029296875,30326000.0,71.9530029296875
2020-09-28,73.64949798583984,72.31400299072266,73.59950256347656,72.93299865722656,30784000.0,72.93299865722656
2020-09-29,73.5999984741211,72.69999694824219,73.19550323486328,73.3010025024414,31816000.0,73.3010025024414
2020-09-30,74.30999755859375,72.78800201416016,73.0469970703125,73.27999877929688,40924000.0,73.27999877929688
2020-10-01,74.75350189208984,73.83999633789062,74.18299865722656,74.3949966430664,32884000.0,74.3949966430664
2020-10-02,73.95149993896484,72.36750030517578,72.98149871826172,72.77999877929688,31222000.0,72.77999877929688
2020-10-05,74.23500061035156,73.00450134277344,73.13249969482422,74.1415023803711,21602000.0,74.1415023803711
2020-10-06,74.22599792480469,72.25050354003906,73.7750015258789,72.5510025024414,26096000.0,72.5510025024414
2020-10-07,73.44850158691406,71.6614990234375,72.96549987792969,72.95700073242188,36108000.0,72.95700073242188
2020-10-08,74.40149688720703,73.27249908447266,73.27249908447266,74.17150115966797,26076000.0,74.17150115966797
2020-10-09,75.59249877929688,74.3499984741211,74.64299774169922,75.52249908447266,32966000.0,75.52249908447266
2020-10-12,79.4209976196289,76.46499633789062,76.9000015258789,78.22949981689453,55344000.0,78.22949981689453
2020-10-13,79.25800323486328,77.93150329589844,78.85050201416016,78.35350036621094,39072000.0,78.35350036621094
2020-10-14,79.19249725341797,77.29499816894531,78.7300033569336,78.1719970703125,33174000.0,78.1719970703125
2020-10-15,78.56999969482422,77.05650329589844,77.2249984741211,77.77349853515625,31210000.0,77.77349853515625
2020-10-16,78.885498046875,77.88300323486328,78.09149932861328,78.38500213623047,34194000.0,78.38500213623047
2020-10-19,79.19650268554688,76.14600372314453,78.79650115966797,76.49749755859375,29734000.0,76.49749755859375
2020-10-20,78.69200134277344,76.0250015258789,76.15550231933594,77.55400085449219,41670000.0,77.55400085449219
2020-10-21,80.75700378417969,78.35700225830078,78.49250030517578,79.29949951171875,60322000.0,79.29949951171875
2020-10-22,80.6709976196289,78.8740005493164,79.25,80.33300018310547,30512000.0,80.33300018310547
2020-10-23,81.70600128173828,80.59549713134766,80.75250244140625,81.64900207519531,30548000.0,81.64900207519531
2020-10-26,81.47899627685547,78.38899993896484,80.75,79.2145004272461,35826000.0,79.2145004272461
2020-10-27,80.0999984741211,78.84950256347656,79.44650268554688,79.94400024414062,25902000.0,79.94400024414062
2020-10-28,77.69049835205078,75.42400360107422,77.50050354003906,75.54000091552734,45174000.0,75.54000091552734
2020-10-29,79.43699645996094,75.82749938964844,75.85099792480469,77.84400177001953,55406000.0,77.84400177001953
2020-10-30,84.06600189208984,80.07849884033203,83.37200164794922,80.80549621582031,99878000.0,80.80549621582031
2020-11-02,82.91200256347656,80.71199798583984,81.177001953125,81.21600341796875,44228000.0,81.21600341796875
2020-11-03,82.94999694824219,80.60549926757812,81.53800201416016,82.28299713134766,31432000.0,82.28299713134766
2020-11-04,88.50150299072266,85.1500015258789,85.27899932861328,87.2925033569336,71342000.0,87.2925033569336
2020-11-05,89.59100341796875,87.05149841308594,88.52249908447266,88.125,39758000.0,88.125
2020-11-06,88.42500305175781,86.83399963378906,87.56700134277344,87.98650360107422,28622000.0,87.98650360107422
2020-11-09,90.84449768066406,87.87750244140625,89.79900360107422,88.07099914550781,53440000.0,88.07099914550781
2020-11-10,87.96900177001953,85.80599975585938,86.4885025024414,86.88600158691406,43022000.0,86.88600158691406
2020-11-11,88.1449966430664,87.15299987792969,87.41999816894531,87.36150360107422,31838000.0,87.36150360107422
2020-11-12,88.2490005493164,86.89849853515625,87.0999984741211,87.14099884033203,26474000.0,87.14099884033203
2020-11-13,88.85649871826172,86.79900360107422,87.4000015258789,88.61299896240234,29744000.0,88.61299896240234
2020-11-16,89.71700286865234,88.06649780273438,88.20700073242188,88.70149993896484,25468000.0,88.70149993896484
2020-11-17,88.85700225830078,87.97450256347656,88.39299774169922,88.08300018310547,21314000.0,88.08300018310547
2020-11-18,88.25,86.92849731445312,87.83200073242188,87.03199768066406,20108000.0,87.03199768066406
2020-11-19,88.17449951171875,86.5009994506836,86.6614990234375,87.92849731445312,20106000.0,87.92849731445312
2020-11-20,88.41799926757812,86.75,88.0999984741211,86.81900024414062,27694000.0,86.81900024414062
2020-11-23,87.29949951171875,85.50900268554688,87.01100158691406,86.37799835205078,22530000.0,86.37799835205078
2020-11-24,88.3239974975586,86.0364990234375,86.375,88.19499969482422,27984000.0,88.19499969482422
2020-11-25,88.51899719238281,87.41799926757812,88.3905029296875,88.20649719238281,19600000.0,88.20649719238281
2020-11-27,89.85050201416016,88.22699737548828,88.22699737548828,89.35099792480469,14790000.0,89.35099792480469
2020-11-30,89.01699829101562,87.39199829101562,88.78250122070312,87.72000122070312,32418000.0,87.72000122070312
2020-12-01,91.08599853515625,88.15149688720703,88.33300018310547,89.76799774169922,37350000.0,89.76799774169922
2020-12-02,91.63700103759766,89.25849914550781,89.76799774169922,91.24849700927734,29424000.0,91.24849700927734
2020-12-03,92.19149780273438,90.8499984741211,91.0270004272461,91.09200286865234,24728000.0,91.09200286865234
2020-12-04,91.4749984741211,90.67949676513672,91.01100158691406,91.18800354003906,20544000.0,91.18800354003906
2020-12-07,91.4645004272461,90.1520004272461,90.77749633789062,90.85150146484375,22288000.0,90.85150146484375
2020-12-08,90.79850006103516,89.56400299072266,90.4260025024414,90.56649780273438,19936000.0,90.56649780273438
2020-12-09,91.41850280761719,88.0999984741211,90.51799774169922,88.89299774169922,31728000.0,88.89299774169922
2020-12-10,88.74949645996094,86.67649841308594,88.12999725341797,88.38249969482422,28688000.0,88.38249969482422
2020-12-11,88.8655014038086,87.63700103759766,88.0,88.73999786376953,18628000.0,88.73999786376953
2020-12-14,89.48999786376953,87.45649719238281,88.53600311279297,87.61299896240234,33050000.0,87.61299896240234
2020-12-15,88.19999694824219,87.08350372314453,87.99299621582031,88.05400085449219,21352000.0,88.05400085449219
2020-12-16,88.45549774169922,87.4530029296875,88.45549774169922,87.8594970703125,24676000.0,87.8594970703125
2020-12-17,88.33550262451172,86.55750274658203,88.19650268554688,87.02549743652344,34880000.0,87.02549743652344
2020-12-18,87.41799926757812,85.75,87.30850219726562,86.31099700927734,85256000.0,86.31099700927734
2020-12-21,86.8499984741211,84.69999694824219,85.45649719238281,86.72799682617188,33974000.0,86.72799682617188
2020-12-22,86.63050079345703,85.28900146484375,86.46649932861328,86.01100158691406,20370000.0,86.01100158691406
2020-12-23,87.20549774169922,86.05999755859375,86.19650268554688,86.4114990234375,22974000.0,86.4114990234375
2020-12-24,87.12049865722656,86.21749877929688,86.44999694824219,86.70800018310547,9312000.0,86.70800018310547
2020-12-28,89.3499984741211,87.09100341796875,87.24549865722656,88.697998046875,27650000.0,88.697998046875
2020-12-29,89.42350006103516,87.75550079345703,89.36150360107422,87.88800048828125,19726000.0,87.88800048828125
2020-12-30,88.38800048828125,86.4000015258789,88.25,86.8125,21026000.0,86.8125
2020-12-31,87.875,86.80449676513672,86.8635025024414,87.63200378417969,21070000.0,87.63200378417969
2021-01-04,88.12449645996094,85.35700225830078,88.0,86.30650329589844,37324000.0,86.30650329589844
2021-01-05,87.34149932861328,85.84500122070312,86.25450134277344,87.00250244140625,20360000.0,87.00250244140625
2021-01-06,87.19850158691406,84.80500030517578,85.01300048828125,86.14399719238281,46588000.0,86.14399719238281
2021-01-07,88.89099884033203,86.33799743652344,86.33799743652344,88.71700286865234,41936000.0,88.71700286865234
2021-01-08,89.96800231933594,88.06099700927734,88.85800170898438,89.8915023803711,35484000.0,89.8915023803711
2021-01-11,89.21900177001953,87.60700225830078,88.85099792480469,87.81449890136719,34796000.0,87.81449890136719
2021-01-12,88.3949966430664,85.81900024414062,87.26799774169922,86.87149810791016,29528000.0,86.87149810791016
2021-01-13,87.81950378417969,86.36599731445312,86.36599731445312,87.36250305175781,23432000.0,87.36250305175781
2021-01-14,88.37750244140625,86.30349731445312,87.44349670410156,86.5459976196289,29212000.0,86.5459976196289
2021-01-15,87.38099670410156,85.58550262451172,86.45099639892578,86.38099670410156,31444000.0,86.38099670410156
2021-01-19,90.19200134277344,86.6415023803711,87.1500015258789,89.22350311279297,41660000.0,89.22350311279297
2021-01-20,94.98600006103516,90.97550201416016,91.31849670410156,94.00350189208984,64152000.0,94.00350189208984
2021-01-21,96.60399627685547,93.97049713134766,94.68250274658203,94.2074966430664,58634000.0,94.2074966430664
2021-01-22,95.21949768066406,93.82499694824219,94.572998046875,94.62799835205078,32744000.0,94.62799835205078
2021-01-25,96.09100341796875,92.95800018310547,95.63700103759766,94.71399688720703,50586000.0,94.71399688720703
2021-01-26,95.7874984741211,93.80650329589844,94.29949951171875,95.39749908447266,31462000.0,95.39749908447266
2021-01-27,94.02349853515625,89.86399841308594,93.74549865722656,90.9469985961914,82512000.0,90.9469985961914
2021-01-28,94.39949798583984,91.55000305175781,91.55000305175781,92.66000366210938,55278000.0,92.66000366210938
2021-01-29,92.37699890136719,90.0780029296875,91.70099639892578,91.36799621582031,44530000.0,91.36799621582031
2021-02-01,95.7770004272461,92.22949981689453,92.22949981689453,94.65350341796875,40252000.0,94.65350341796875
2021-02-02,97.46849822998047,95.31849670410156,95.65650177001953,95.95600128173828,66332000.0,95.95600128173828
2021-02-03,105.33100128173828,100.67749786376953,103.28050231933594,102.94400024414062,97882000.0,102.94400024414062
2021-02-04,103.46499633789062,101.75499725341797,103.03099822998047,102.68150329589844,48596000.0,102.68150329589844
2021-02-05,104.7969970703125,102.5,102.97799682617188,104.44149780273438,29866000.0,104.44149780273438
2021-02-08,105.75,103.1675033569336,105.0,104.22599792480469,28828000.0,104.22599792480469
2021-02-09,104.92549896240234,103.5,103.73999786376953,103.76950073242188,21892000.0,103.76950073242188
2021-02-10,104.94400024414062,102.61199951171875,104.15699768066406,104.3239974975586,25102000.0,104.3239974975586
2021-02-11,104.69999694824219,103.44300079345703,104.55000305175781,104.4375,20480000.0,104.4375
2021-02-12,104.9749984741211,103.67849731445312,103.9885025024414,104.75150299072266,18990000.0,104.75150299072266
2021-02-16,107.25700378417969,104.5875015258789,104.5875015258789,105.53500366210938,31004000.0,105.53500366210938
2021-02-17,106.12200164794922,104.4175033569336,104.6989974975586,105.93099975585938,20294000.0,105.93099975585938
2021-02-18,106.09950256347656,104.66649627685547,105.25,105.29049682617188,22546000.0,105.29049682617188
2021-02-19,105.92900085449219,104.17150115966797,105.3895034790039,104.44049835205078,37938000.0,104.44049835205078
2021-02-22,104.0165023803711,102.4000015258789,102.68000030517578,102.71299743652344,29466000.0,102.71299743652344
2021-02-23,103.625,99.5114974975586,100.69950103759766,103.00599670410156,34658000.0,103.00599670410156
2021-02-24,104.41600036621094,101.37650299072266,101.50199890136719,104.19049835205078,22608000.0,104.19049835205078
2021-02-25,104.1500015258789,100.32450103759766,102.79650115966797,100.79750061035156,41548000.0,100.79750061035156
2021-02-26,102.82599639892578,100.05049896240234,101.49749755859375,101.09549713134766,40042000.0,101.09549713134766
2021-03-01,103.8115005493164,101.72100067138672,102.4000015258789,103.48300170898438,26060000.0,103.48300170898438
2021-03-02,104.73699951171875,102.83350372314453,103.24199676513672,103.2239990234375,25564000.0,103.2239990234375
2021-03-03,103.79949951171875,99.69999694824219,102.59750366210938,100.57050323486328,33892000.0,100.57050323486328
2021-03-04,103.72949981689453,100.27149963378906,100.74349975585938,101.69650268554688,49216000.0,101.69650268554688
2021-03-05,105.30999755859375,101.38899993896484,103.05750274658203,104.85350036621094,53100000.0,104.85350036621094
2021-03-08,105.68699645996094,100.2594985961914,104.2030029296875,100.375,36868000.0,100.375
2021-03-09,103.19599914550781,101.77999877929688,102.48750305175781,102.01799774169922,33920000.0,102.01799774169922
2021-03-10,103.06999969482422,100.96649932861328,103.06999969482422,101.80950164794922,27100000.0,101.80950164794922
2021-03-11,105.5634994506836,102.82250213623047,102.91100311279297,105.0270004272461,27702000.0,105.0270004272461
2021-03-12,103.88050079345703,101.62100219726562,103.82050323486328,102.5,33818000.0,102.5
2021-03-15,102.74949645996094,101.3895034790039,102.2490005493164,102.72200012207031,26168000.0,102.72200012207031
2021-03-16,105.68399810791016,102.9645004272461,103.29949951171875,104.19450378417969,31900000.0,104.19450378417969
2021-03-17,104.94999694824219,102.20600128173828,103.42350006103516,104.11100006103516,26382000.0,104.11100006103516
2021-03-18,103.4375,100.95899963378906,102.40899658203125,101.06700134277344,31700000.0,101.06700134277344
2021-03-19,101.85199737548828,100.14649963378906,101.48650360107422,101.3479995727539,46072000.0,101.3479995727539
2021-03-22,102.41699981689453,100.69999694824219,101.38150024414062,101.53450012207031,33536000.0,101.53450012207031
2021-03-23,103.20549774169922,101.4000015258789,101.99749755859375,102.06649780273438,28510000.0,102.06649780273438
2021-03-24,103.37999725341797,101.44999694824219,102.58799743652344,101.62650299072266,25218000.0,101.62650299072266
2021-03-25,102.28199768066406,99.80449676513672,101.45249938964844,101.62300109863281,35616000.0,101.62300109863281
2021-03-26,101.96949768066406,100.19249725341797,101.5895004272461,101.23650360107422,27978000.0,101.23650360107422
2021-03-29,102.46050262451172,100.27249908447266,101.10800170898438,102.28949737548828,26492000.0,102.28949737548828
2021-03-30,103.13349914550781,101.80750274658203,102.64900207519531,102.32350158691406,27312000.0,102.32350158691406
2021-03-31,104.31300354003906,102.3499984741211,102.72000122070312,103.1259994506836,42570000.0,103.1259994506836
2021-04-01,106.7874984741211,104.57150268554688,104.61250305175781,106.48899841308594,39880000.0,106.48899841308594
2021-04-05,111.44950103759766,107.260498046875,107.35749816894531,110.947998046875,48510000.0,110.947998046875
2021-04-06,111.4000015258789,110.0895004272461,110.5459976196289,110.46299743652344,35240000.0,110.46299743652344
2021-04-07,112.2249984741211,110.65499877929688,110.65499877929688,111.95149993896484,24134000.0,111.95149993896484
2021-04-08,113.5895004272461,112.15049743652344,113.19999694824219,112.52149963378906,28664000.0,112.52149963378906
2021-04-09,113.69850158691406,111.86299896240234,112.27200317382812,113.53350067138672,26146000.0,113.53350067138672
2021-04-12,112.84449768066406,111.39099884033203,112.70600128173828,112.23100280761719,25024000.0,112.23100280761719
2021-04-13,113.17350006103516,112.15249633789062,112.54949951171875,112.72149658203125,25682000.0,112.72149658203125
2021-04-14,113.37149810791016,111.8010025024414,113.37149810791016,112.09549713134766,21002000.0,112.09549713134766
2021-04-15,114.80000305175781,112.55850219726562,113.09750366210938,114.26249694824219,29174000.0,114.26249694824219
2021-04-16,114.71199798583984,113.5459976196289,114.46199798583984,114.13749694824219,26282000.0,114.13749694824219
2021-04-19,115.20449829101562,113.50900268554688,113.50900268554688,114.48799896240234,30290000.0,114.48799896240234
2021-04-20,114.94999694824219,112.85600280761719,114.87449645996094,113.95050048828125,22288000.0,113.95050048828125
2021-04-21,114.0,112.24099731445312,113.60250091552734,113.9175033569336,23204000.0,113.9175033569336
2021-04-22,114.44400024414062,112.01599884033203,113.7699966430664,112.6259994506836,24146000.0,112.6259994506836
2021-04-23,115.30599975585938,113.0625,113.3499984741211,114.99649810791016,29066000.0,114.99649810791016
2021-04-26,116.22650146484375,114.86599731445312,115.22599792480469,115.49649810791016,32038000.0,115.49649810791016
2021-04-27,115.92250061035156,114.30799865722656,115.88150024414062,114.54900360107422,44386000.0,114.54900360107422
2021-04-28,121.56900024414062,117.66100311279297,119.625,117.9520034790039,81106000.0,117.9520034790039
2021-04-29,120.20800018310547,118.69249725341797,119.46150207519531,119.63800048828125,41234000.0,119.63800048828125
2021-04-30,119.09249877929688,117.3280029296875,118.4010009765625,117.67500305175781,44856000.0,117.67500305175781
2021-05-03,119.07749938964844,116.7750015258789,118.24549865722656,117.15399932861328,28242000.0,117.15399932861328
2021-05-04,116.24949645996094,112.83399963378906,115.67749786376953,115.34149932861328,44818000.0,115.34149932861328
2021-05-05,116.75,115.41400146484375,116.43150329589844,115.7385025024414,26636000.0,115.7385025024414
2021-05-06,116.86750030517578,114.6520004272461,115.31649780273438,116.86750030517578,25190000.0,116.86750030517578
2021-05-07,118.5625,117.30799865722656,118.19450378417969,117.59649658203125,28898000.0,117.59649658203125
2021-05-10,116.55000305175781,114.22699737548828,116.40699768066406,114.5875015258789,30914000.0,114.5875015258789
2021-05-11,114.01399993896484,111.69599914550781,112.15350341796875,113.50299835205078,34186000.0,113.50299835205078
2021-05-12,112.39900207519531,109.68099975585938,111.30950164794922,110.01249694824219,46376000.0,110.01249694824219
2021-05-13,111.97200012207031,110.33599853515625,111.30599975585938,111.4520034790039,33204000.0,111.4520034790039
2021-05-14,114.23600006103516,112.5,112.927001953125,113.91899871826172,31996000.0,113.91899871826172
2021-05-17,114.48899841308594,112.77549743652344,113.17849731445312,114.44599914550781,21598000.0,114.44599914550781
2021-05-18,115.38400268554688,113.1094970703125,115.11750030517578,113.12349700927734,22204000.0,113.12349700927734
2021-05-19,113.74949645996094,111.27200317382812,111.42150115966797,113.57499694824219,23684000.0,113.57499694824219
2021-05-20,115.5999984741211,114.1760025024414,114.55000305175781,115.34750366210938,32352000.0,115.34750366210938
2021-05-21,115.94450378417969,114.46499633789062,115.87049865722656,114.70649719238281,40632000.0,114.70649719238281
2021-05-24,118.27749633789062,115.5979995727539,115.74449920654297,118.052001953125,31832000.0,118.052001953125
2021-05-25,119.19999694824219,117.75,118.5999984741211,118.14350128173828,22440000.0,118.14350128173828
2021-05-26,119.44950103759766,118.322998046875,118.32599639892578,119.0155029296875,21572000.0,119.0155029296875
2021-05-27,119.45249938964844,117.81300354003906,119.45249938964844,118.13400268554688,35224000.0,118.13400268554688
2021-05-28,118.80349731445312,117.64250183105469,118.72100067138672,117.84249877929688,21482000.0,117.84249877929688
2021-06-01,119.2854995727539,117.71399688720703,118.72200012207031,119.05899810791016,23354000.0,119.05899810791016
2021-06-02,119.68199920654297,117.61799621582031,119.4574966430664,118.52950286865234,21158000.0,118.52950286865234
2021-06-03,117.85099792480469,116.47599792480469,117.2864990234375,117.37899780273438,18696000.0,117.37899780273438
2021-06-04,119.95149993896484,118.12049865722656,118.4635009765625,119.67849731445312,24458000.0,119.67849731445312
2021-06-07,120.22550201416016,119.05000305175781,119.47200012207031,120.11499786376953,24120000.0,120.11499786376953
2021-06-08,120.97599792480469,119.73899841308594,120.60050201416016,119.9219970703125,24240000.0,119.9219970703125
2021-06-09,120.64399719238281,119.84500122070312,120.57150268554688,120.39700317382812,17942000.0,120.39700317382812
2021-06-10,121.80000305175781,120.18900299072266,120.34600067138672,121.75650024414062,25904000.0,121.75650024414062
2021-06-11,122.08599853515625,120.947998046875,122.0,121.51000213623047,21958000.0,121.51000213623047
2021-06-14,122.44599914550781,120.9000015258789,121.61299896240234,122.44550323486328,22098000.0,122.44550323486328
2021-06-15,122.77549743652344,121.05599975585938,122.44999694824219,121.41950225830078,21562000.0,121.41950225830078
2021-06-16,121.88600158691406,119.47000122070312,121.5719985961914,120.77249908447266,26472000.0,120.77249908447266
2021-06-17,122.52249908447266,120.5,120.69750213623047,121.74349975585938,25842000.0,121.74349975585938
2021-06-18,121.60299682617188,120.01499938964844,121.36699676513672,120.11100006103516,46116000.0,120.11100006103516
2021-06-21,122.0,119.89849853515625,120.50050354003906,121.8125,27414000.0,121.8125
2021-06-22,122.4000015258789,121.06400299072266,121.75,122.33049774169922,22390000.0,122.33049774169922
2021-06-23,123.09549713134766,121.83450317382812,122.09349822998047,122.12699890136719,19148000.0,122.12699890136719
2021-06-24,123.05549621582031,122.30000305175781,122.69999694824219,122.5,21362000.0,122.5
2021-06-25,122.63300323486328,121.56500244140625,122.0,122.50849914550781,34594000.0,122.50849914550781
2021-06-28,122.78500366210938,121.40550231933594,122.67849731445312,122.53600311279297,28526000.0,122.53600311279297
2021-06-29,123.02100372314453,121.69100189208984,122.67050170898438,122.27249908447266,23108000.0,122.27249908447266
2021-06-30,122.25700378417969,121.35449981689453,121.99449920654297,122.0895004272461,24474000.0,122.0895004272461
2021-07-01,122.58699798583984,121.53150177001953,121.7249984741211,122.44450378417969,18110000.0,122.44450378417969
2021-07-02,125.40399932861328,123.05950164794922,123.1500015258789,125.25749969482422,25982000.0,125.25749969482422
2021-07-06,126.4280014038086,124.5824966430664,125.64849853515625,126.19000244140625,26404000.0,126.19000244140625
2021-07-07,127.28399658203125,126.15299987792969,127.16200256347656,126.4739990234375,24060000.0,126.4739990234375
2021-07-08,125.59549713134766,124.02200317382812,124.0260009765625,125.04399871826172,23790000.0,125.04399871826172
2021-07-09,125.7344970703125,124.55149841308594,125.0250015258789,125.51850128173828,18632000.0,125.51850128173828
2021-07-12,127.06950378417969,125.61100006103516,126.1780014038086,126.97550201416016,17668000.0,126.97550201416016
2021-07-13,128.0574951171875,126.67449951171875,127.03849792480469,127.34149932861328,19240000.0,127.34149932861328
2021-07-14,129.32650756835938,127.91449737548828,127.95800018310547,128.23699951171875,23742000.0,128.23699951171875
2021-07-15,128.6999969482422,126.52999877929688,128.6490020751953,127.00499725341797,24218000.0,127.00499725341797
2021-07-16,127.8115005493164,126.15350341796875,127.66300201416016,126.97000122070312,20424000.0,126.97000122070312
2021-07-19,126.20500183105469,123.50499725341797,126.0895004272461,124.5780029296875,27968000.0,124.5780029296875
2021-07-20,127.04299926757812,124.35050201416016,125.52749633789062,126.20950317382812,26312000.0,126.20950317382812
2021-07-21,127.59600067138672,126.02349853515625,126.13349914550781,127.54900360107422,20746000.0,127.54900360107422
2021-07-22,128.48300170898438,127.4990005493164,127.84400177001953,128.42149353027344,14302000.0,128.42149353027344
2021-07-23,133.3990020751953,129.80050659179688,130.4304962158203,133.01499938964844,41506000.0,133.01499938964844
2021-07-26,134.23699951171875,132.30149841308594,133.32850646972656,134.03500366210938,30572000.0,134.03500366210938
2021-07-27,134.3990020751953,130.10400390625,134.25050354003906,131.89999389648438,54710000.0,131.89999389648438
2021-07-28,138.2969970703125,135.27749633789062,136.31199645996094,136.093994140625,95130000.0,136.093994140625
2021-07-29,136.66099548339844,135.54299926757812,136.14999389648438,135.77749633789062,31716000.0,135.77749633789062
2021-07-30,135.30450439453125,134.2550048828125,135.03500366210938,134.72650146484375,25576000.0,134.72650146484375
2021-08-02,135.3365020751953,133.79400634765625,135.11700439453125,134.85450744628906,21634000.0,134.85450744628906
2021-08-03,135.73199462890625,133.3195037841797,135.13499450683594,135.6300048828125,20762000.0,135.6300048828125
2021-08-04,135.64950561523438,134.48699951171875,135.34950256347656,135.12550354003906,19676000.0,135.12550354003906
2021-08-05,136.35000610351562,134.8459930419922,135.6804962158203,136.25149536132812,17870000.0,136.25149536132812
2021-08-06,136.47250366210938,135.2100067138672,136.04200744628906,135.73849487304688,20488000.0,135.73849487304688
2021-08-09,137.1840057373047,135.33949279785156,135.9425048828125,136.91299438476562,17760000.0,136.91299438476562
2021-08-10,137.7725067138672,136.364501953125,137.3419952392578,136.8070068359375,19414000.0,136.8070068359375
2021-08-11,137.6824951171875,136.27149963378906,137.18150329589844,136.2790069580078,15352000.0,136.2790069580078
2021-08-12,137.3000030517578,135.42550659179688,135.97549438476562,137.19400024414062,16506000.0,137.19400024414062
2021-08-13,137.85650634765625,137.0330047607422,137.25,137.7274932861328,15948000.0,137.7274932861328
2021-08-16,138.3625030517578,135.2989959716797,137.52499389648438,138.3094940185547,22384000.0,138.3094940185547
2021-08-17,138.2655029296875,136.08200073242188,137.75,136.6614990234375,21716000.0,136.6614990234375
2021-08-18,137.10450744628906,135.32150268554688,136.5,135.44900512695312,19258000.0,135.44900512695312
2021-08-19,136.3524932861328,134.25,134.4355010986328,135.67999267578125,21782000.0,135.67999267578125
2021-08-20,137.5540008544922,135.25,136.0,137.42950439453125,31194000.0,137.42950439453125
2021-08-23,140.87449645996094,137.6074981689453,137.96949768066406,140.04150390625,28454000.0,140.04150390625
2021-08-24,142.0800018310547,140.3385009765625,140.6114959716797,141.26150512695312,19268000.0,141.26150512695312
2021-08-25,142.1894989013672,141.37600708007812,141.625,142.07899475097656,15848000.0,142.07899475097656
2021-08-26,142.41749572753906,141.35699462890625,141.75,141.4405059814453,20610000.0,141.4405059814453
2021-08-27,144.5124969482422,141.4969940185547,141.65249633789062,144.00399780273438,28780000.0,144.00399780273438
2021-08-30,145.9705047607422,144.16299438476562,144.39999389648438,144.5904998779297,24434000.0,144.5904998779297
2021-08-31,145.17149353027344,144.281005859375,145.14700317382812,144.69749450683594,22448000.0,144.69749450683594
2021-09-01,146.25399780273438,144.8834991455078,145.0,145.2154998779297,21936000.0,145.2154998779297
2021-09-02,145.51950073242188,143.18499755859375,145.21600341796875,143.28700256347656,32342000.0,143.28700256347656
2021-09-03,144.15499877929688,142.40049743652344,143.08050537109375,143.739501953125,19850000.0,143.739501953125
2021-09-07,144.56500244140625,143.61900329589844,143.83450317382812,144.28050231933594,20124000.0,144.28050231933594
2021-09-08,144.39999389648438,143.0,144.10000610351562,143.6909942626953,18344000.0,143.6909942626953
2021-09-09,144.3105010986328,143.17750549316406,143.8404998779297,143.54100036621094,15314000.0,143.54100036621094
2021-09-10,144.718505859375,140.73800659179688,144.21249389648438,140.87600708007812,36840000.0,140.87600708007812
2021-09-13,142.9499969482422,141.25,141.94949340820312,142.33250427246094,22094000.0,142.33250427246094
2021-09-14,143.36300659179688,141.75,142.99549865722656,142.54449462890625,19674000.0,142.54449462890625
2021-09-15,144.45050048828125,141.34750366210938,142.77149963378906,144.42950439453125,27408000.0,144.42950439453125
2021-09-16,144.3000030517578,142.40150451660156,143.95050048828125,143.61000061035156,26190000.0,143.61000061035156
2021-09-17,143.4499969482422,140.47000122070312,143.03050231933594,140.8000030517578,53384000.0,140.8000030517578
2021-09-20,139.0,136.32200622558594,138.1614990234375,138.71949768066406,46518000.0,138.71949768066406
2021-09-21,140.01150512695312,138.2779998779297,139.74949645996094,139.0330047607422,25332000.0,139.0330047607422
2021-09-22,140.88699340820312,138.55149841308594,139.3040008544922,140.2834930419922,25056000.0,140.2834930419922
2021-09-23,141.69650268554688,140.40150451660156,140.9875030517578,141.21600341796875,20952000.0,141.21600341796875
2021-09-24,142.33050537109375,140.24099731445312,140.5384979248047,142.21499633789062,22984000.0,142.21499633789062
2021-09-27,141.93850708007812,140.0675048828125,140.80450439453125,141.07200622558594,21882000.0,141.07200622558594
2021-09-28,139.09649658203125,135.36000061035156,138.65499877929688,135.8300018310547,45772000.0,135.8300018310547
2021-09-29,137.1510009765625,133.86500549316406,136.97999572753906,134.35350036621094,30848000.0,134.35350036621094
2021-09-30,135.54249572753906,133.55599975585938,134.26150512695312,133.67599487304688,37996000.0,133.67599487304688
2021-10-01,136.91050720214844,134.072998046875,134.44749450683594,136.54299926757812,35360000.0,136.54299926757812
2021-10-04,135.9604949951172,131.0500030517578,135.9604949951172,133.6595001220703,51202000.0,133.6595001220703
2021-10-05,137.22450256347656,134.04100036621094,134.04100036621094,136.0229949951172,32404000.0,136.0229949951172
2021-10-06,137.75,134.5500030517578,134.75,137.56500244140625,24364000.0,137.56500244140625
2021-10-07,140.04200744628906,138.6510009765625,138.89199829101562,139.22500610351562,25110000.0,139.22500610351562
2021-10-08,140.33099365234375,139.21749877929688,139.57699584960938,139.78550720214844,26526000.0,139.78550720214844
2021-10-11,140.71200561523438,138.85899353027344,139.29200744628906,138.91400146484375,17954000.0,138.91400146484375
2021-10-12,139.5070037841797,135.75999450683594,139.47999572753906,136.44900512695312,36332000.0,136.44900512695312
2021-10-13,138.0,136.5189971923828,137.40249633789062,137.58200073242188,19654000.0,137.58200073242188
2021-10-14,141.33749389648438,138.8249969482422,139.4739990234375,141.1510009765625,31894000.0,141.1510009765625
2021-10-15,141.71800231933594,140.7550048828125,141.614501953125,141.3679962158203,30274000.0,141.3679962158203
2021-10-18,142.79600524902344,141.0695037841797,141.07650756835938,142.7779998779297,20396000.0,142.7779998779297
2021-10-19,143.66250610351562,142.60000610351562,143.3874969482422,143.23699951171875,20164000.0,143.23699951171875
2021-10-20,143.54600524902344,141.37649536132812,143.33799743652344,141.7689971923828,23288000.0,141.7689971923828
2021-10-21,142.156005859375,140.5,141.7689971923828,141.88600158691406,26292000.0,141.88600158691406
2021-10-22,140.58299255371094,136.05599975585938,139.14999389648438,137.56649780273438,50588000.0,137.56649780273438
2021-10-25,138.0,135.4239959716797,137.5500030517578,137.44700622558594,34412000.0,137.44700622558594
2021-10-26,140.08299255371094,138.30450439453125,139.2635040283203,139.30850219726562,49236000.0,139.30850219726562
2021-10-27,148.64999389648438,139.40499877929688,139.40499877929688,146.21749877929688,85782000.0,146.21749877929688
2021-10-28,147.1580047607422,144.6269989013672,147.13450622558594,145.8489990234375,36206000.0,145.8489990234375
2021-10-29,148.24200439453125,144.64950561523438,145.0780029296875,148.04600524902344,43320000.0,148.04600524902344
2021-11-01,148.04600524902344,143.22549438476562,148.04600524902344,143.4969940185547,46924000.0,143.4969940185547
2021-11-02,146.60899353027344,144.3354949951172,144.57949829101562,145.4324951171875,33482000.0,145.4324951171875
2021-11-03,146.66900634765625,144.59100341796875,145.90049743652344,146.59800720214844,27494000.0,146.59800720214844
2021-11-04,149.73350524902344,146.30799865722656,147.12449645996094,148.2675018310547,38412000.0,148.2675018310547
2021-11-05,150.32749938964844,148.19700622558594,149.16949462890625,148.8520050048828,38354000.0,148.8520050048828
2021-11-08,150.61500549316406,148.4304962158203,149.8249969482422,149.031005859375,23052000.0,149.031005859375
2021-11-09,149.83450317382812,147.2449951171875,149.23300170898438,148.9185028076172,19530000.0,148.9185028076172
2021-11-10,148.07000732421875,144.53750610351562,147.5,145.89349365234375,29970000.0,145.89349365234375
2021-11-11,147.53550720214844,145.60049438476562,146.489501953125,145.76649475097656,16518000.0,145.76649475097656
2021-11-12,148.85000610351562,145.41099548339844,146.61549377441406,148.67799377441406,22360000.0,148.67799377441406
2021-11-15,149.54949951171875,147.5749969482422,148.90049743652344,148.45199584960938,23508000.0,148.45199584960938
2021-11-16,148.7624969482422,147.3125,148.14950561523438,147.87600708007812,18904000.0,147.87600708007812
2021-11-17,148.5594940185547,147.24000549316406,148.02749633789062,148.0469970703125,19594000.0,148.0469970703125
2021-11-18,150.58050537109375,147.88450622558594,148.2415008544922,149.8385009765625,35608000.0,149.8385009765625
2021-11-19,150.9665069580078,148.8990020751953,149.97549438476562,148.92649841308594,33682000.0,148.92649841308594
2021-11-22,149.82949829101562,146.1475067138672,149.33250427246094,146.302001953125,30594000.0,146.302001953125
2021-11-23,146.66000366210938,144.11500549316406,146.1529998779297,145.78199768066406,27218000.0,145.78199768066406
2021-11-24,146.24949645996094,144.3730010986328,145.47349548339844,146.1199951171875,18040000.0,146.1199951171875
2021-11-26,144.5574951171875,141.84249877929688,144.34849548339844,142.18299865722656,30470000.0,142.18299865722656
2021-11-29,146.29750061035156,143.89349365234375,144.0,145.53050231933594,32596000.0,145.53050231933594
2021-11-30,146.0,141.60150146484375,145.0084991455078,141.8975067138672,42068000.0,141.8975067138672
2021-12-01,145.95050048828125,140.91200256347656,144.0,141.05149841308594,34020000.0,141.05149841308594
2021-12-02,143.864501953125,140.21449279785156,141.25,142.96600341796875,29194000.0,142.96600341796875
2021-12-03,144.39999389648438,140.30099487304688,143.68099975585938,142.00149536132812,41230000.0,142.00149536132812
2021-12-06,143.8524932861328,140.14999389648438,143.04049682617188,143.15499877929688,30618000.0,143.15499877929688
2021-12-07,147.531005859375,145.2274932861328,145.59649658203125,147.26950073242188,32240000.0,147.26950073242188
2021-12-08,148.39300537109375,146.406005859375,147.59649658203125,148.18649291992188,24270000.0,148.18649291992188
2021-12-09,149.10000610351562,147.11500549316406,147.59100341796875,147.6385040283203,23270000.0,147.6385040283203
2021-12-10,148.9774932861328,146.70399475097656,148.6999969482422,148.00149536132812,24458000.0,148.00149536132812
2021-12-13,147.97000122070312,145.5175018310547,147.781494140625,145.82650756835938,27070000.0,145.82650756835938
2021-12-14,144.47999572753906,141.21499633789062,143.96800231933594,143.90699768066406,38446000.0,143.90699768066406
2021-12-15,146.7209930419922,141.67799377441406,143.40899658203125,146.4409942626953,36370000.0,146.4409942626953
2021-12-16,147.677001953125,143.60699462890625,147.17050170898438,144.44500732421875,33650000.0,144.44500732421875
2021-12-17,143.83450317382812,141.3000030517578,142.5,141.72500610351562,50416000.0,141.72500610351562
2021-12-20,141.77450561523438,139.3209991455078,140.0,141.60699462890625,27192000.0,141.60699462890625
2021-12-21,143.86900329589844,140.50250244140625,142.05349731445312,143.47250366210938,28756000.0,143.47250366210938
2021-12-22,146.5,143.0675048828125,143.0675048828125,146.4149932861328,26322000.0,146.4149932861328
2021-12-23,148.24349975585938,146.45199584960938,146.5,146.91650390625,26384000.0,146.91650390625
2021-12-27,148.343994140625,147.16949462890625,147.25599670410156,147.906494140625,15976000.0,147.906494140625
2021-12-28,148.2989959716797,146.05450439453125,148.23599243164062,146.68699645996094,18200000.0,146.68699645996094
2021-12-29,147.41700744628906,145.6475067138672,146.64450073242188,146.65499877929688,17788000.0,146.65499877929688
2021-12-30,147.3000030517578,145.9945068359375,146.69400024414062,146.20050048828125,15688000.0,146.20050048828125
2021-12-31,146.69850158691406,144.8520050048828,146.0500030517578,144.8520050048828,18136000.0,144.8520050048828
2022-01-03,145.8509979248047,143.71299743652344,145.05499267578125,144.9915008544922,28646000.0,144.9915008544922
2022-01-04,146.48500061035156,143.7165069580078,145.39599609375,144.39950561523438,28400000.0,144.39950561523438
2022-01-05,144.49949645996094,137.68800354003906,144.4199981689453,137.77499389648438,54618000.0,137.77499389648438
2022-01-06,139.94000244140625,136.55850219726562,136.99850463867188,137.74749755859375,37348000.0,137.74749755859375
2022-01-07,138.44850158691406,135.76649475097656,138.14549255371094,137.01699829101562,29760000.0,137.01699829101562
2022-01-10,138.8195037841797,133.1645050048828,135.0780029296875,138.66949462890625,44408000.0,138.66949462890625
2022-01-11,140.21600341796875,136.6925048828125,138.0070037841797,139.73599243164062,28730000.0,139.73599243164062
2022-01-12,142.60800170898438,140.6945037841797,141.14999389648438,141.4304962158203,26108000.0,141.4304962158203
2022-01-13,142.85000610351562,138.40899658203125,141.5399932861328,138.58700561523438,31436000.0,138.58700561523438
2022-01-14,140.74200439453125,136.99850463867188,137.07899475097656,139.48049926757812,29662000.0,139.48049926757812
2022-01-18,137.13150024414062,135.43850708007812,136.1750030517578,135.9980010986328,34872000.0,135.9980010986328
2022-01-19,137.95950317382812,135.0155029296875,136.52349853515625,135.1165008544922,28648000.0,135.1165008544922
2022-01-20,137.62600708007812,132.96449279785156,136.25,133.3074951171875,29908000.0,133.3074951171875
2022-01-21,134.86549377441406,130.0865020751953,132.593505859375,130.35150146484375,55652000.0,130.35150146484375
2022-01-24,131.2030029296875,124.5,125.97799682617188,130.8040008544922,76622000.0,130.8040008544922
2022-01-25,129.3990020751953,126.50050354003906,128.74000549316406,126.93499755859375,46960000.0,126.93499755859375
2022-01-26,133.0,127.14199829101562,131.11900329589844,129.23300170898438,49130000.0,129.23300170898438
2022-01-27,132.65249633789062,128.9324951171875,131.3040008544922,129.0050048828125,31950000.0,129.0050048828125
2022-01-28,133.35650634765625,128.48500061035156,129.65899658203125,133.3509979248047,34362000.0,133.3509979248047
2022-01-31,135.47300720214844,132.20950317382812,134.16200256347656,135.30349731445312,39986000.0,135.30349731445312
2022-02-01,137.79299926757812,134.36849975585938,137.59449768066406,137.6439971923828,68644000.0,137.6439971923828
2022-02-02,151.54649353027344,145.5225067138672,151.25,148.0,123200000.0,148.0
2022-02-03,149.6750030517578,142.66549682617188,145.70550537109375,143.08999633789062,71518000.0,143.08999633789062
2022-02-04,144.875,140.51499938964844,143.4445037841797,143.29299926757812,57998000.0,143.29299926757812
2022-02-07,144.25,138.89999389648438,144.25,139.2010040283203,54974000.0,139.2010040283203
2022-02-08,140.0,137.01400756835938,139.02650451660156,139.3990020751953,54284000.0,139.3990020751953
2022-02-09,142.52450561523438,140.18699645996094,140.9635009765625,141.5919952392578,40144000.0,141.5919952392578
2022-02-10,141.4844970703125,137.95700073242188,139.70350646972656,138.6199951171875,39330000.0,138.6199951171875
2022-02-11,139.156494140625,133.39999389648438,138.60000610351562,134.28250122070312,39958000.0,134.28250122070312
2022-02-14,136.3000030517578,133.25650024414062,133.25650024414062,135.5260009765625,34302000.0,135.5260009765625
2022-02-15,138.10850524902344,135.82150268554688,137.57049560546875,136.60850524902344,26680000.0,136.60850524902344
2022-02-16,138.08599853515625,134.9239959716797,136.64649963378906,137.73800659179688,25022000.0,137.73800659179688
2022-02-17,137.11349487304688,132.47850036621094,136.2429962158203,132.53900146484375,38950000.0,132.53900146484375
2022-02-18,134.07000732421875,130.19650268554688,133.4669952392578,130.4029998779297,45620000.0,130.4029998779297
2022-02-22,132.1804962158203,128.22349548339844,129.83799743652344,129.81350708007812,44990000.0,129.81350708007812
2022-02-23,132.05099487304688,127.52749633789062,131.64849853515625,127.58799743652344,32786000.0,127.58799743652344
2022-02-24,133.0,124.95349884033203,124.95349884033203,132.6909942626953,54456000.0,132.6909942626953
2022-02-25,135.27149963378906,131.75149536132812,133.552001953125,134.45950317382812,36406000.0,134.45950317382812
2022-02-28,135.75149536132812,132.59249877929688,133.0500030517578,135.0570068359375,38864000.0,135.0570068359375
2022-03-01,136.2554931640625,133.218505859375,134.8784942626953,134.06149291992188,26496000.0,134.06149291992188
2022-03-02,135.2624969482422,133.07150268554688,134.6280059814453,134.57150268554688,23520000.0,134.57150268554688
2022-03-03,136.4394989013672,133.02549743652344,136.00999450683594,133.89950561523438,24604000.0,133.89950561523438
2022-03-04,133.85150146484375,130.33749389648438,132.92750549316406,131.906494140625,30430000.0,131.906494140625
2022-03-07,131.73500061035156,126.29499816894531,131.48800659179688,126.37850189208984,45112000.0,126.37850189208984
2022-03-08,131.25,125.67449951171875,126.25,127.10449981689453,40428000.0,127.10449981689453
2022-03-09,133.73550415039062,129.90049743652344,131.25,133.4199981689453,37026000.0,133.4199981689453
2022-03-10,133.27200317382812,130.91250610351562,131.26600646972656,132.42950439453125,27102000.0,132.42950439453125
2022-03-11,133.79550170898438,129.63150024414062,133.48849487304688,129.87049865722656,31526000.0,129.87049865722656
2022-03-14,130.40899658203125,125.2750015258789,130.25,125.95099639892578,38812000.0,125.95099639892578
2022-03-15,129.85450744628906,125.72049713134766,126.97599792480469,129.197998046875,30920000.0,129.197998046875
2022-03-16,133.33299255371094,128.7344970703125,130.73300170898438,133.28050231933594,35576000.0,133.28050231933594
2022-03-17,134.08050537109375,132.18499755859375,133.1490020751953,133.83900451660156,28264000.0,133.83900451660156
2022-03-18,136.24400329589844,132.2584991455078,133.42449951171875,136.12550354003906,44566000.0,136.12550354003906
2022-03-21,137.0500030517578,134.09249877929688,136.1634979248047,136.10150146484375,26832000.0,136.10150146484375
2022-03-22,141.0500030517578,136.10150146484375,136.10150146484375,139.8679962158203,35496000.0,139.8679962158203
2022-03-23,139.5885009765625,137.8350067138672,138.70249938964844,138.27549743652344,25154000.0,138.27549743652344
2022-03-24,141.61900329589844,137.75050354003906,139.1999969482422,141.57200622558594,26396000.0,141.57200622558594
2022-03-25,142.03500366210938,139.7375030517578,141.91600036621094,141.67300415039062,24126000.0,141.67300415039062
2022-03-28,142.00250244140625,139.81149291992188,140.90049743652344,141.45550537109375,35050000.0,141.45550537109375
2022-03-29,143.7935028076172,142.0384979248047,142.6475067138672,142.5054931640625,34318000.0,142.5054931640625
2022-03-30,142.7205047607422,141.60000610351562,142.4600067138672,141.93850708007812,19884000.0,141.93850708007812
2022-03-31,142.10800170898438,139.02450561523438,142.05299377441406,139.0675048828125,37524000.0,139.0675048828125
2022-04-01,140.4709930419922,138.3074951171875,139.5,140.15049743652344,25942000.0,140.15049743652344
2022-04-04,143.71200561523438,140.3105010986328,140.35850524902344,142.97149658203125,25942000.0,142.97149658203125
2022-04-05,142.99049377441406,140.38250732421875,142.86900329589844,140.59100341796875,21418000.0,140.59100341796875
2022-04-06,139.36050415039062,135.51699829101562,138.75,136.54800415039062,32468000.0,136.54800415039062
2022-04-07,137.1645050048828,134.2274932861328,136.00999450683594,135.8885040283203,26234000.0,135.8885040283203
2022-04-08,135.6699981689453,132.9654998779297,135.58349609375,133.28750610351562,25142000.0,133.28750610351562
2022-04-11,132.09249877929688,128.6685028076172,131.82350158691406,128.82350158691406,36884000.0,128.82350158691406
2022-04-12,131.60000610351562,126.78900146484375,131.60000610351562,127.7145004272461,32710000.0,127.7145004272461
2022-04-13,130.33399963378906,127.74099731445312,128.0,129.8939971923828,27928000.0,129.8939971923828
2022-04-14,130.47950744628906,126.60099792480469,130.47950744628906,126.7300033569336,31598000.0,126.7300033569336
2022-04-18,128.21249389648438,126.18199920654297,127.0,127.67649841308594,20808000.0,127.67649841308594
2022-04-19,130.33299255371094,126.99949645996094,127.69149780273438,130.00900268554688,26490000.0,130.00900268554688
2022-04-20,131.3990020751953,127.5,130.89199829101562,128.0399932861328,31696000.0,128.0399932861328
2022-04-21,130.09849548339844,124.52649688720703,129.25,124.81449890136719,36446000.0,124.81449890136719
2022-04-22,125.4020004272461,118.92500305175781,125.0,119.635498046875,56884000.0,119.635498046875
2022-04-25,123.27749633789062,118.51100158691406,119.10099792480469,123.0739974975586,46128000.0,123.0739974975586
2022-04-26,122.51000213623047,118.51100158691406,122.29450225830078,118.6500015258789,73054000.0,118.6500015258789
2022-04-27,117.24199676513672,112.73650360107422,114.46949768066406,114.29450225830078,91820000.0,114.29450225830078
2022-04-28,119.64949798583984,114.11499786376953,116.41500091552734,118.52249908447266,48884000.0,118.52249908447266
2022-04-29,117.91999816894531,113.81449890136719,116.7344970703125,114.1094970703125,42676000.0,114.1094970703125
2022-05-02,116.74549865722656,112.5999984741211,113.40499877929688,116.58300018310547,35534000.0,116.58300018310547
2022-05-03,118.44200134277344,116.03450012207031,116.43049621582031,117.33399963378906,24968000.0,117.33399963378906
2022-05-04,122.85449981689453,115.11599731445312,117.03150177001953,122.26100158691406,49916000.0,122.26100158691406
2022-05-05,121.03900146484375,115.00550079345703,120.2040023803711,116.50550079345703,45840000.0,116.50550079345703
2022-05-06,117.57150268554688,114.0155029296875,115.18450164794922,115.74649810791016,39710000.0,115.74649810791016
2022-05-09,115.0770034790039,112.00050354003906,113.25,112.51100158691406,40802000.0,112.51100158691406
2022-05-10,116.25,112.90049743652344,115.50749969482422,114.3949966430664,39900000.0,114.3949966430664
2022-05-11,116.364501953125,113.23650360107422,113.23650360107422,113.60250091552734,37534000.0,113.60250091552734
2022-05-12,114.29499816894531,109.82450103759766,111.37750244140625,112.84400177001953,53836000.0,112.84400177001953
2022-05-13,117.875,113.6050033569336,114.53299713134766,116.05049896240234,35038000.0,116.05049896240234
2022-05-16,116.16999816894531,113.8895034790039,114.95549774169922,114.44499969482422,25990000.0,114.44499969482422
2022-05-17,116.9000015258789,114.87000274658203,116.84049987792969,116.4729995727539,23054000.0,116.4729995727539
2022-05-18,115.4000015258789,111.55549621582031,115.0,111.89949798583984,35126000.0,111.89949798583984
2022-05-19,113.01000213623047,110.0,111.43150329589844,110.38400268554688,34144000.0,110.38400268554688
2022-05-20,112.18350219726562,105.79650115966797,111.95099639892578,108.90799713134766,48962000.0,108.90799713134766
2022-05-23,112.14749908447266,108.74099731445312,109.5875015258789,111.48799896240234,37184000.0,111.48799896240234
2022-05-24,106.45850372314453,101.8844985961914,105.77200317382812,105.97000122070312,76780000.0,105.97000122070312
2022-05-25,106.5,103.85649871826172,104.9854965209961,105.80500030517578,40258000.0,105.80500030517578
2022-05-26,108.64949798583984,105.2249984741211,105.677001953125,107.7925033569336,37948000.0,107.7925033569336
2022-05-27,112.31800079345703,109.13849639892578,109.48300170898438,112.31649780273438,37914000.0,112.31649780273438
2022-05-31,115.73500061035156,112.07849884033203,112.74649810791016,113.76200103759766,50012000.0,113.76200103759766
2022-06-01,117.10150146484375,113.25,114.8550033569336,113.89199829101562,36606000.0,113.89199829101562
2022-06-02,117.89949798583984,112.94650268554688,114.0,117.62249755859375,37992000.0,117.62249755859375
2022-06-03,116.32150268554688,113.51850128173828,116.0625,114.54100036621094,26136000.0,114.54100036621094
2022-06-06,119.34700012207031,116.16400146484375,116.70449829101562,116.82050323486328,33542000.0,116.82050323486328
2022-06-07,117.69100189208984,115.052001953125,115.48049926757812,117.14949798583984,31590000.0,117.14949798583984
2022-06-08,118.57050323486328,116.5999984741211,116.7614974975586,117.19400024414062,26108000.0,117.19400024414062
2022-06-09,118.29900360107422,114.7760009765625,116.32749938964844,114.83550262451172,25798000.0,114.83550262451172
2022-06-10,113.27899932861328,110.36599731445312,112.44499969482422,111.1614990234375,41452000.0,111.1614990234375
2022-06-13,108.79149627685547,106.11900329589844,106.7864990234375,106.39250183105469,47252000.0,106.39250183105469
2022-06-14,107.92449951171875,105.80000305175781,106.53500366210938,106.71549987792969,33706000.0,106.71549987792969
2022-06-15,111.42350006103516,107.66950225830078,108.54499816894531,109.7645034790039,39698000.0,109.7645034790039
2022-06-16,108.64849853515625,105.13800048828125,107.22100067138672,106.03350067138672,51684000.0,106.03350067138672
2022-06-17,108.69950103759766,105.0459976196289,106.03350067138672,107.14350128173828,51376000.0,107.14350128173828
2022-06-21,112.489501953125,108.5999984741211,108.92949676513672,111.54399871826172,47416000.0,111.54399871826172
2022-06-22,113.34649658203125,110.38249969482422,110.55650329589844,111.48750305175781,30774000.0,111.48750305175781
2022-06-23,112.74250030517578,110.50050354003906,112.23149871826172,112.24199676513672,28362000.0,112.24199676513672
2022-06-24,118.0790023803711,112.95249938964844,112.99500274658203,117.9749984741211,41164000.0,117.9749984741211
2022-06-27,118.57949829101562,115.17949676513672,118.27300262451172,115.83350372314453,36420000.0,115.83350372314453
2022-06-28,117.30950164794922,111.8479995727539,115.80249786376953,112.00749969482422,35792000.0,112.00749969482422
2022-06-29,113.1604995727539,110.87249755859375,111.552001953125,111.70149993896484,24716000.0,111.70149993896484
2022-06-30,110.88800048828125,106.75,110.0,108.96299743652344,43170000.0,108.96299743652344
2022-07-01,109.25,106.73049926757812,107.93299865722656,108.73750305175781,35476000.0,108.73750305175781
2022-07-05,113.37699890136719,105.73149871826172,107.10050201416016,113.26300048828125,39342000.0,113.26300048828125
2022-07-06,115.5895004272461,111.47599792480469,113.302001953125,114.5719985961914,37432000.0,114.5719985961914
2022-07-07,119.18949890136719,114.83350372314453,115.08000183105469,118.78299713134766,40936000.0,118.78299713134766
2022-07-08,119.68499755859375,116.90149688720703,117.25,119.35350036621094,38238000.0,119.35350036621094
2022-07-11,117.99800109863281,115.33049774169922,117.99800109863281,115.67649841308594,31196000.0,115.67649841308594
2022-07-12,116.9739990234375,113.69000244140625,116.21499633789062,114.02050018310547,29960000.0,114.02050018310547
2022-07-13,114.19599914550781,111.20149993896484,111.70099639892578,111.35350036621094,43722000.0,111.35350036621094
2022-07-14,111.09300231933594,108.37300109863281,110.21050262451172,110.36750030517578,37004000.0,110.36750030517578
2022-07-15,113.1405029296875,110.9000015258789,112.00050354003906,111.77749633789062,46770000.0,111.77749633789062
2022-07-18,113.68000030517578,108.37000274658203,112.63999938964844,109.02999877929688,43164600.0,109.02999877929688
2022-07-19,114.0199966430664,109.55999755859375,110.8499984741211,113.80999755859375,36530900.0,113.80999755859375
2022-07-20,115.4000015258789,112.4800033569336,113.16999816894531,113.9000015258789,35600400.0,113.9000015258789
2022-07-21,114.55000305175781,111.11000061035156,114.27999877929688,114.33999633789062,32676200.0,114.33999633789062
2022-07-22,112.33999633789062,106.5,111.0,107.9000015258789,48901200.0,107.9000015258789
2022-07-25,109.87000274658203,106.30000305175781,108.41000366210938,107.51000213623047,34690900.0,107.51000213623047
2022-07-26,107.19999694824219,104.06999969482422,106.5999984741211,105.0199966430664,47991000.0,105.0199966430664
2022-07-27,113.91000366210938,108.01000213623047,109.26000213623047,113.05999755859375,59858500.0,113.05999755859375
2022-07-28,114.33999633789062,111.45999908447266,112.37000274658203,114.22000122070312,32816600.0,114.22000122070312
2022-07-29,116.70999908447266,113.05999755859375,113.08000183105469,116.31999969482422,37223400.0,116.31999969482422
2022-08-01,116.72000122070312,114.33999633789062,115.30000305175781,114.86000061035156,26034300.0,114.86000061035156
2022-08-02,116.3499984741211,113.72000122070312,114.0,115.12999725341797,20236000.0,115.12999725341797
2022-08-03,118.62000274658203,115.4800033569336,115.70999908447266,118.08000183105469,28499000.0,118.08000183105469
2022-08-04,118.77999877929688,116.88999938964844,117.4800033569336,118.19000244140625,21602900.0,118.19000244140625
2022-08-05,118.11000061035156,116.0,116.2300033569336,117.47000122070312,19159500.0,117.47000122070312
2022-08-08,120.1500015258789,116.87999725341797,118.38999938964844,117.30000305175781,19138300.0,117.30000305175781
2022-08-09,117.31999969482422,115.70999908447266,117.13999938964844,116.62999725341797,19086500.0,116.62999725341797
2022-08-10,120.91999816894531,118.41000366210938,118.77999877929688,119.69999694824219,30930400.0,119.69999694824219
2022-08-11,121.48999786376953,118.55999755859375,121.27999877929688,118.83999633789062,24293700.0,118.83999633789062
2022-08-12,121.68000030517578,119.45999908447266,120.26000213623047,121.68000030517578,19096300.0,121.68000030517578
2022-08-15,122.30000305175781,120.61000061035156,121.12999725341797,122.08000183105469,19494800.0,122.08000183105469
2022-08-16,122.43000030517578,120.63999938964844,121.5199966430664,121.69999694824219,19041200.0,121.69999694824219
2022-08-17,121.29000091552734,119.37999725341797,120.12000274658203,119.55000305175781,22847000.0,119.55000305175781
2022-08-18,120.81999969482422,118.72000122070312,119.43000030517578,120.16999816894531,17987700.0,120.16999816894531
2022-08-19,119.1500015258789,116.76000213623047,119.05999755859375,117.20999908447266,21809500.0,117.20999908447266
2022-08-22,115.62999725341797,113.8499984741211,115.19999694824219,114.23999786376953,21456600.0,114.23999786376953
2022-08-23,115.01000213623047,113.43000030517578,113.4800033569336,113.86000061035156,15870400.0,113.86000061035156
2022-08-24,114.77999877929688,112.87000274658203,113.5,113.69000244140625,17734600.0,113.69000244140625
2022-08-25,116.72000122070312,114.11000061035156,114.23999786376953,116.6500015258789,16956800.0,116.6500015258789
2022-08-26,115.12000274658203,110.19000244140625,114.72000122070312,110.33999633789062,37245700.0,110.33999633789062
2022-08-29,110.94999694824219,108.80000305175781,109.98999786376953,109.41999816894531,21191200.0,109.41999816894531
2022-08-30,110.5,107.80000305175781,110.16999816894531,108.94000244140625,27513300.0,108.94000244140625
2022-08-31,110.8499984741211,108.12999725341797,110.6500015258789,108.22000122070312,28627000.0,108.22000122070312
2022-09-01,110.44999694824219,107.36000061035156,108.27999877929688,109.73999786376953,28360900.0,109.73999786376953
2022-09-02,110.73999786376953,107.26000213623047,110.58999633789062,107.8499984741211,24160700.0,107.8499984741211
2022-09-06,108.02999877929688,105.77999877929688,107.30000305175781,106.80999755859375,25068300.0,106.80999755859375
2022-09-07,109.9800033569336,106.9000015258789,107.05999755859375,109.44999694824219,23167000.0,109.44999694824219
2022-09-08,109.5999984741211,107.16000366210938,108.04000091552734,108.37999725341797,24238300.0,108.37999725341797
2022-09-09,110.98999786376953,109.0199966430664,109.06999969482422,110.6500015258789,23197700.0,110.6500015258789
2022-09-12,111.62000274658203,109.93000030517578,110.98999786376953,110.86000061035156,22966800.0,110.86000061035156
2022-09-13,108.30000305175781,104.08999633789062,107.80000305175781,104.31999969482422,38172900.0,104.31999969482422
2022-09-14,105.27999877929688,103.66000366210938,104.56999969482422,105.0,26395100.0,105.0
2022-09-15,105.2699966430664,102.3499984741211,104.02999877929688,102.91000366210938,34188300.0,102.91000366210938
2022-09-16,103.12999725341797,100.94000244140625,102.06999969482422,102.80000305175781,42797200.0,102.80000305175781
2022-09-19,103.33000183105469,101.55000305175781,101.75,103.06999969482422,23036800.0,103.06999969482422
2022-09-20,102.37000274658203,100.5199966430664,102.08000183105469,101.13999938964844,26517100.0,101.13999938964844
2022-09-21,102.87999725341797,99.2699966430664,101.66999816894531,99.27999877929688,31487300.0,99.27999877929688
2022-09-22,101.23999786376953,98.79000091552734,98.81999969482422,100.13999938964844,34298600.0,100.13999938964844
2022-09-23,99.66000366210938,97.47000122070312,99.62999725341797,98.73999786376953,31625400.0,98.73999786376953
2022-09-26,99.87999725341797,97.80000305175781,98.0999984741211,98.16999816894531,27072700.0,98.16999816894531
2022-09-27,100.0,96.87000274658203,99.43000030517578,97.5,30072800.0,97.5
2022-09-28,100.69999694824219,97.11000061035156,97.6500015258789,100.05000305175781,32466300.0,100.05000305175781
2022-09-29,98.63999938964844,95.95999908447266,98.63999938964844,97.41999816894531,31047200.0,97.41999816894531
2022-09-30,98.9000015258789,95.55999755859375,97.05000305175781,95.6500015258789,32941500.0,95.6500015258789
2022-10-03,99.29000091552734,96.5199966430664,96.76000213623047,98.63999938964844,27982000.0,98.63999938964844
2022-10-04,101.83999633789062,100.37999725341797,100.44000244140625,101.63999938964844,28850800.0,101.63999938964844
2022-10-05,101.93000030517578,98.80000305175781,99.83000183105469,101.43000030517578,22176900.0,101.43000030517578
2022-10-06,102.93000030517578,100.58999633789062,100.68000030517578,101.41999816894531,22324000.0,101.41999816894531
2022-10-07,100.52999877929688,98.30000305175781,99.8499984741211,98.68000030517578,27502800.0,98.68000030517578
2022-10-10,99.0999984741211,97.01000213623047,99.0,97.86000061035156,18225100.0,97.86000061035156
2022-10-11,99.25,96.30999755859375,97.43000030517578,97.18000030517578,26507100.0,97.18000030517578
2022-10-12,98.75,96.73999786376953,97.30000305175781,97.55999755859375,21876400.0,97.55999755859375
2022-10-13,99.77999877929688,94.37999725341797,95.1500015258789,99.05999755859375,34574500.0,99.05999755859375
2022-10-14,100.69000244140625,96.37000274658203,99.98999786376953,96.55999755859375,25410700.0,96.55999755859375
2022-10-17,100.93000030517578,98.83000183105469,98.86000061035156,99.97000122070312,28419200.0,99.97000122070312
2022-10-18,103.47000122070312,99.97000122070312,103.12999725341797,100.7699966430664,24060700.0,100.7699966430664
2022-10-19,101.0199966430664,98.91999816894531,100.01000213623047,99.62999725341797,23811100.0,99.62999725341797
2022-10-20,102.31999969482422,99.38999938964844,100.0,99.97000122070312,25323200.0,99.97000122070312
2022-10-21,101.30999755859375,97.72000122070312,97.8499984741211,101.12999725341797,32458700.0,101.12999725341797
2022-10-24,102.75,99.9800033569336,101.80000305175781,102.5199966430664,27176400.0,102.5199966430664
2022-10-25,104.81999969482422,102.72000122070312,102.9000015258789,104.4800033569336,40611400.0,104.4800033569336
2022-10-26,98.30999755859375,94.69000244140625,96.43000030517578,94.93000030517578,88114100.0,94.93000030517578
2022-10-27,95.43000030517578,91.80000305175781,94.5199966430664,92.22000122070312,60710900.0,92.22000122070312
2022-10-28,96.55000305175781,92.12999725341797,92.2699966430664,96.29000091552734,43697300.0,96.29000091552734
2022-10-31,96.02999877929688,93.9800033569336,95.41999816894531,94.51000213623047,31675000.0,94.51000213623047
2022-11-01,96.02999877929688,90.37000274658203,95.44999694824219,90.47000122070312,47161400.0,90.47000122070312
2022-11-02,91.18000030517578,86.87999725341797,90.94000244140625,86.97000122070312,57038300.0,86.97000122070312
2022-11-03,86.5199966430664,83.33999633789062,86.31999969482422,83.43000030517578,61288000.0,83.43000030517578
2022-11-04,86.63999938964844,83.70999908447266,85.4000015258789,86.58000183105469,51124900.0,86.58000183105469
2022-11-07,88.9000015258789,86.8499984741211,87.27999877929688,88.48999786376953,34078900.0,88.48999786376953
2022-11-08,90.31999969482422,87.58999633789062,88.9000015258789,88.9000015258789,30429000.0,88.9000015258789
2022-11-09,89.44000244140625,87.27999877929688,88.44999694824219,87.31999969482422,31769100.0,87.31999969482422
2022-11-10,94.38999938964844,91.61000061035156,92.25,93.94000244140625,51620100.0,93.94000244140625
2022-11-11,96.93000030517578,93.91999816894531,94.69000244140625,96.41000366210938,33090500.0,96.41000366210938
2022-11-14,96.79000091552734,94.51000213623047,95.08999633789062,95.69999694824219,30179500.0,95.69999694824219
2022-11-15,100.13999938964844,96.70999908447266,98.26000213623047,98.44000244140625,41640800.0,98.44000244140625
2022-11-16,99.63999938964844,97.63999938964844,97.9000015258789,98.8499984741211,29105200.0,98.8499984741211
2022-11-17,99.27999877929688,96.79000091552734,96.97000122070312,98.36000061035156,26052600.0,98.36000061035156
2022-11-18,98.9000015258789,96.37000274658203,98.7699966430664,97.43000030517578,28342300.0,97.43000030517578
2022-11-21,98.4000015258789,95.36000061035156,97.29000091552734,95.5999984741211,21647400.0,95.5999984741211
2022-11-22,97.22000122070312,94.05000305175781,95.94999694824219,97.05000305175781,23438500.0,97.05000305175781
2022-11-23,98.76000213623047,97.08999633789062,97.08999633789062,98.45999908447266,18868100.0,98.45999908447266
2022-11-25,98.63999938964844,97.4000015258789,98.23999786376953,97.45999908447266,9701400.0,97.45999908447266
2022-11-28,97.58000183105469,95.61000061035156,97.04000091552734,96.05000305175781,26237500.0,96.05000305175781
2022-11-29,96.12000274658203,94.11000061035156,95.7300033569336,95.19000244140625,20061700.0,95.19000244140625
2022-11-30,101.04000091552734,94.41999816894531,94.81999969482422,100.98999786376953,43592300.0,100.98999786376953
2022-12-01,102.25,100.25,101.0199966430664,100.98999786376953,28687100.0,100.98999786376953
2022-12-02,100.7699966430664,98.9000015258789,99.05000305175781,100.44000244140625,21469400.0,100.44000244140625
2022-12-05,101.37999725341797,99.0,99.4000015258789,99.4800033569336,24405100.0,99.4800033569336
2022-12-06,99.77999877929688,96.41999816894531,99.30000305175781,96.9800033569336,24910700.0,96.9800033569336
2022-12-07,96.87999725341797,94.72000122070312,96.41000366210938,94.94000244140625,31045400.0,94.94000244140625
2022-12-08,95.58000183105469,93.44999694824219,95.37999725341797,93.70999908447266,32213300.0,93.70999908447266
2022-12-09,94.26000213623047,92.75,93.7699966430664,92.83000183105469,28210600.0,92.83000183105469
2022-12-12,93.55999755859375,91.61000061035156,92.70999908447266,93.30999755859375,29420000.0,93.30999755859375
2022-12-13,99.52999877929688,95.02999877929688,97.76000213623047,95.62999725341797,40593700.0,95.62999725341797
2022-12-14,96.87000274658203,93.5999984741211,95.19999694824219,95.22000122070312,18915840.0,95.22000122070312
